INSERT INTO USERINFORMATION (username, password) VALUES ("arun", "arun");

INSERT INTO SHAREKEYWORDS (key_words, ratio_id) VALUES ("CurrentRatio", 1);
INSERT INTO SHAREKEYWORDS (key_words, ratio_id) VALUES ("QuickRatio", 2);
INSERT INTO SHAREKEYWORDS (key_words, ratio_id) VALUES ("StockTurnoverRatio", 3);
INSERT INTO SHAREKEYWORDS (key_words, ratio_id) VALUES ("NetProfitMargin", 4);
INSERT INTO SHAREKEYWORDS (key_words, ratio_id) VALUES ("EBITMargins", 5);
INSERT INTO SHAREKEYWORDS (key_words, ratio_id) VALUES ("PERatio", 6);
INSERT INTO SHAREKEYWORDS (key_words) VALUES (">");
INSERT INTO SHAREKEYWORDS (key_words) VALUES ("<");
INSERT INTO SHAREKEYWORDS (key_words) VALUES ("=");
INSERT INTO SHAREKEYWORDS (key_words) VALUES ("<=");
INSERT INTO SHAREKEYWORDS (key_words) VALUES (">=");
INSERT INTO SHAREKEYWORDS (key_words) VALUES ("AND");
INSERT INTO SHAREKEYWORDS (key_words) VALUES ("OR");

INSERT INTO COMPANYINFORMATION (company_id, accord_id, bse_id, nse_id, company_name, bse_listed, nse_listed, industry, market_cap) VALUES (100325, 100325, '500325', '', 'Reliance Industries Ltd.', 1, 1, 'Refineries', '');
INSERT INTO COMPANYINFORMATION (company_id, accord_id, bse_id, nse_id, company_name, bse_listed, nse_listed, industry, market_cap) VALUES (100087, 100087, '500087', '', 'Cipla Ltd.', 1, 1, 'Pharmaceuticals & Drugs', '');
INSERT INTO COMPANYINFORMATION (company_id, accord_id, bse_id, nse_id, company_name, bse_listed, nse_listed, industry, market_cap) VALUES (100103, 100103, '500103', '', 'Bharat Heavy Electricals Ltd.', 1, 1, 'Electric Equipment', '');
INSERT INTO COMPANYINFORMATION (company_id, accord_id, bse_id, nse_id, company_name, bse_listed, nse_listed, industry, market_cap) VALUES (100124, 100124, '500124', '', 'Dr. Reddys Laboratories Ltd.', 1, 1, 'Pharmaceuticals & Drugs', '');
INSERT INTO COMPANYINFORMATION (company_id, accord_id, bse_id, nse_id, company_name, bse_listed, nse_listed, industry, market_cap) VALUES (100182, 100182, '500182', '', 'Hero MotoCorp Ltd.', 1, 1, 'Automobile Two & Three Wheelers', '');
INSERT INTO COMPANYINFORMATION (company_id, accord_id, bse_id, nse_id, company_name, bse_listed, nse_listed, industry, market_cap) VALUES (100209, 100209, '500209', '', 'Infosys Ltd.', 1, 1, 'IT - Software', '');
INSERT INTO COMPANYINFORMATION (company_id, accord_id, bse_id, nse_id, company_name, bse_listed, nse_listed, industry, market_cap) VALUES (100257, 100257, '500257', '', 'Lupin Ltd.', 1, 1, 'Pharmaceuticals & Drugs', '');
INSERT INTO COMPANYINFORMATION (company_id, accord_id, bse_id, nse_id, company_name, bse_listed, nse_listed, industry, market_cap) VALUES (100295, 100295, '500295', '', 'Vedanta Ltd.', 1, 1, 'Steel/Sponge Iron/Pig Iron', '');
INSERT INTO COMPANYINFORMATION (company_id, accord_id, bse_id, nse_id, company_name, bse_listed, nse_listed, industry, market_cap) VALUES (100312, 100312, '500312', '', 'Oil & Natural Gas Corporation Ltd.', 1, 1, 'Oil Exploration', '');
INSERT INTO COMPANYINFORMATION (company_id, accord_id, bse_id, nse_id, company_name, bse_listed, nse_listed, industry, market_cap) VALUES (100440, 100440, '500440', '', 'Hindalco Industries Ltd.', 1, 1, 'Aluminium & Aluminium Products', '');
INSERT INTO COMPANYINFORMATION (company_id, accord_id, bse_id, nse_id, company_name, bse_listed, nse_listed, industry, market_cap) VALUES (100470, 100470, '500470', '', 'Tata Steel Ltd.', 1, 1, 'Steel/Sponge Iron/Pig Iron', '');
INSERT INTO COMPANYINFORMATION (company_id, accord_id, bse_id, nse_id, company_name, bse_listed, nse_listed, industry, market_cap) VALUES (100510, 100510, '500510', '', 'Larsen & Toubro Ltd.', 1, 1, 'Engineering - Construction', '');
INSERT INTO COMPANYINFORMATION (company_id, accord_id, bse_id, nse_id, company_name, bse_listed, nse_listed, industry, market_cap) VALUES (100520, 100520, '500520', '', 'Mahindra & Mahindra Ltd.', 1, 1, 'Automobiles - Passenger Cars', '');
INSERT INTO COMPANYINFORMATION (company_id, accord_id, bse_id, nse_id, company_name, bse_listed, nse_listed, industry, market_cap) VALUES (100570, 100570, '500570', '', 'Tata Motors Ltd.', 1, 1, 'Automobiles-Trucks/Lcv', '');
INSERT INTO COMPANYINFORMATION (company_id, accord_id, bse_id, nse_id, company_name, bse_listed, nse_listed, industry, market_cap) VALUES (100696, 100696, '500696', '', 'Hindustan Unilever Ltd.', 1, 1, 'Household & Personal Products', '');
INSERT INTO COMPANYINFORMATION (company_id, accord_id, bse_id, nse_id, company_name, bse_listed, nse_listed, industry, market_cap) VALUES (100875, 100875, '500875', '', 'ITC Ltd.', 1, 1, 'Cigarettes/Tobacco', '');
INSERT INTO COMPANYINFORMATION (company_id, accord_id, bse_id, nse_id, company_name, bse_listed, nse_listed, industry, market_cap) VALUES (132155, 132155, '532155', '', 'GAIL (India) Ltd.', 1, 1, 'Gas Transmission/Marketing', '');
INSERT INTO COMPANYINFORMATION (company_id, accord_id, bse_id, nse_id, company_name, bse_listed, nse_listed, industry, market_cap) VALUES (132454, 132454, '532454', '', 'Bharti Airtel Ltd.', 1, 1, 'Telecommunication - Service  Provider', '');
INSERT INTO COMPANYINFORMATION (company_id, accord_id, bse_id, nse_id, company_name, bse_listed, nse_listed, industry, market_cap) VALUES (132500, 132500, '532500', '', 'Maruti Suzuki India Ltd.', 1, 1, 'Automobiles - Passenger Cars', '');
INSERT INTO COMPANYINFORMATION (company_id, accord_id, bse_id, nse_id, company_name, bse_listed, nse_listed, industry, market_cap) VALUES (219300, 219300, '533278', '', 'Coal India Ltd.', 1, 1, 'Mining & Minerals', '');
INSERT INTO COMPANYINFORMATION (company_id, accord_id, bse_id, nse_id, company_name, bse_listed, nse_listed, industry, market_cap) VALUES (124715, 124715, '524715', '', 'Sun Pharmaceutical Industries Ltd.', 1, 1, 'Pharmaceuticals & Drugs', '');
INSERT INTO COMPANYINFORMATION (company_id, accord_id, bse_id, nse_id, company_name, bse_listed, nse_listed, industry, market_cap) VALUES (107685, 107685, '507685', '', 'Wipro Ltd.', 1, 1, 'IT - Software', '');
INSERT INTO COMPANYINFORMATION (company_id, accord_id, bse_id, nse_id, company_name, bse_listed, nse_listed, industry, market_cap) VALUES (132540, 132540, '532540', '', 'Tata Consultancy Services Ltd.', 1, 1, 'IT - Software', '');

INSERT INTO PERIOD (id, name) VALUES (1, "Daily");
INSERT INTO PERIOD (id, name) VALUES (2, "Week");
INSERT INTO PERIOD (id, name) VALUES (3, "Month");
INSERT INTO PERIOD (id, name) VALUES (4, "Quarter");
INSERT INTO PERIOD (id, name) VALUES (5, "YTD");

INSERT INTO RATIOS (
id, name, formula) VALUES (1, "Current Ratio","SELECT (a.balancesheet_value / b.balancesheet_value) as ratio FROM ( SELECT balancesheet_value FROM BALANCESHEETVALUES where company_id='$ID' and report_period='$PER' and balancesheet_id=492) a, ( SELECT balancesheet_value FROM BALANCESHEETVALUES where company_id='$ID' and report_period='$PER' and balancesheet_id=241) b;");
INSERT INTO RATIOS (
id, name, formula) VALUES (2, "Quick Ratio","SELECT ((a.balancesheet_value - b.balancesheet_value) / c.balancesheet_value) as ratio FROM ( SELECT balancesheet_value FROM BALANCESHEETVALUES where company_id='$ID' and report_period='$PER' and balancesheet_id=492) a, ( SELECT balancesheet_value FROM BALANCESHEETVALUES where company_id='$ID' and report_period='$PER' and balancesheet_id=419) b, ( SELECT balancesheet_value FROM BALANCESHEETVALUES where company_id='$ID' and report_period='$PER' and balancesheet_id=241) c;");
INSERT INTO RATIOS (
id, name, formula) VALUES (3, "Stock Turnover Ratio","");
INSERT INTO RATIOS (
id, name, formula) VALUES (4, "Net Profit Margin","");
INSERT INTO RATIOS (
id, name, formula) VALUES (5, "EBIT Margins","");
INSERT INTO RATIOS (
id, name, formula) VALUES (6, "PE Ratio","");


INSERT INTO RATIOVALUES (company_id, time_id, report_period, ratio_id, ratio_value) VALUES (100325,5,201503,1,1.27);	INSERT INTO RATIOVALUES (company_id, time_id, report_period, ratio_id, ratio_value) VALUES (100325,5,201503,2,0.87);	INSERT INTO RATIOVALUES (company_id, time_id, report_period, ratio_id, ratio_value) VALUES (100325,5,201503,3,8.58);	INSERT INTO RATIOVALUES (company_id, time_id, report_period, ratio_id, ratio_value) VALUES (100325,5,201503,4,6.67);	INSERT INTO RATIOVALUES (company_id, time_id, report_period, ratio_id, ratio_value) VALUES (100325,5,201503,5,9.34);	INSERT INTO RATIOVALUES (company_id, time_id, report_period, ratio_id, ratio_value) VALUES (100325,5,201503,6,12.71);
INSERT INTO RATIOVALUES (company_id, time_id, report_period, ratio_id, ratio_value) VALUES (100087,5,201503,1,1.83);	INSERT INTO RATIOVALUES (company_id, time_id, report_period, ratio_id, ratio_value) VALUES (100087,5,201503,2,0.91);	INSERT INTO RATIOVALUES (company_id, time_id, report_period, ratio_id, ratio_value) VALUES (100087,5,201503,3,3.53);	INSERT INTO RATIOVALUES (company_id, time_id, report_period, ratio_id, ratio_value) VALUES (100087,5,201503,4,11.55);	INSERT INTO RATIOVALUES (company_id, time_id, report_period, ratio_id, ratio_value) VALUES (100087,5,201503,5,16.39);	INSERT INTO RATIOVALUES (company_id, time_id, report_period, ratio_id, ratio_value) VALUES (100087,5,201503,6,44.73);
INSERT INTO RATIOVALUES (company_id, time_id, report_period, ratio_id, ratio_value) VALUES (100103,5,201503,1,2.19);	INSERT INTO RATIOVALUES (company_id, time_id, report_period, ratio_id, ratio_value) VALUES (100103,5,201503,2,1.73);	INSERT INTO RATIOVALUES (company_id, time_id, report_period, ratio_id, ratio_value) VALUES (100103,5,201503,3,3.13);	INSERT INTO RATIOVALUES (company_id, time_id, report_period, ratio_id, ratio_value) VALUES (100103,5,201503,4,4.56);	INSERT INTO RATIOVALUES (company_id, time_id, report_period, ratio_id, ratio_value) VALUES (100103,5,201503,5,7.17);	INSERT INTO RATIOVALUES (company_id, time_id, report_period, ratio_id, ratio_value) VALUES (100103,5,201503,6,33.07);
INSERT INTO RATIOVALUES (company_id, time_id, report_period, ratio_id, ratio_value) VALUES (100124,5,201503,1,2.22);	INSERT INTO RATIOVALUES (company_id, time_id, report_period, ratio_id, ratio_value) VALUES (100124,5,201503,2,1.86);	INSERT INTO RATIOVALUES (company_id, time_id, report_period, ratio_id, ratio_value) VALUES (100124,5,201503,3,6.09);	INSERT INTO RATIOVALUES (company_id, time_id, report_period, ratio_id, ratio_value) VALUES (100124,5,201503,4,16.64);	INSERT INTO RATIOVALUES (company_id, time_id, report_period, ratio_id, ratio_value) VALUES (100124,5,201503,5,21.04);	INSERT INTO RATIOVALUES (company_id, time_id, report_period, ratio_id, ratio_value) VALUES (100124,5,201503,6,36.83);
INSERT INTO RATIOVALUES (company_id, time_id, report_period, ratio_id, ratio_value) VALUES (100182,5,201503,1,1.36);	INSERT INTO RATIOVALUES (company_id, time_id, report_period, ratio_id, ratio_value) VALUES (100182,5,201503,2,1.15);	INSERT INTO RATIOVALUES (company_id, time_id, report_period, ratio_id, ratio_value) VALUES (100182,5,201503,3,39.46);	INSERT INTO RATIOVALUES (company_id, time_id, report_period, ratio_id, ratio_value) VALUES (100182,5,201503,4,8.14);	INSERT INTO RATIOVALUES (company_id, time_id, report_period, ratio_id, ratio_value) VALUES (100182,5,201503,5,11.4);	INSERT INTO RATIOVALUES (company_id, time_id, report_period, ratio_id, ratio_value) VALUES (100182,5,201503,6,22.04);
INSERT INTO RATIOVALUES (company_id, time_id, report_period, ratio_id, ratio_value) VALUES (100209,5,201503,1,3.12);	INSERT INTO RATIOVALUES (company_id, time_id, report_period, ratio_id, ratio_value) VALUES (100209,5,201503,2,3.12);	INSERT INTO RATIOVALUES (company_id, time_id, report_period, ratio_id, ratio_value) VALUES (100209,5,201503,3,0);	INSERT INTO RATIOVALUES (company_id, time_id, report_period, ratio_id, ratio_value) VALUES (100209,5,201503,4,25.72);	INSERT INTO RATIOVALUES (company_id, time_id, report_period, ratio_id, ratio_value) VALUES (100209,5,201503,5,35.53);	INSERT INTO RATIOVALUES (company_id, time_id, report_period, ratio_id, ratio_value) VALUES (100209,5,201503,6,10.74);
INSERT INTO RATIOVALUES (company_id, time_id, report_period, ratio_id, ratio_value) VALUES (100257,5,201503,1,3.89);	INSERT INTO RATIOVALUES (company_id, time_id, report_period, ratio_id, ratio_value) VALUES (100257,5,201503,2,2.84);	INSERT INTO RATIOVALUES (company_id, time_id, report_period, ratio_id, ratio_value) VALUES (100257,5,201503,3,6.33);	INSERT INTO RATIOVALUES (company_id, time_id, report_period, ratio_id, ratio_value) VALUES (100257,5,201503,4,24.35);	INSERT INTO RATIOVALUES (company_id, time_id, report_period, ratio_id, ratio_value) VALUES (100257,5,201503,5,32.67);	INSERT INTO RATIOVALUES (company_id, time_id, report_period, ratio_id, ratio_value) VALUES (100257,5,201503,6,34.75);
INSERT INTO RATIOVALUES (company_id, time_id, report_period, ratio_id, ratio_value) VALUES (100295,5,201503,1,0.42);	INSERT INTO RATIOVALUES (company_id, time_id, report_period, ratio_id, ratio_value) VALUES (100295,5,201503,2,0.18);	INSERT INTO RATIOVALUES (company_id, time_id, report_period, ratio_id, ratio_value) VALUES (100295,5,201503,3,6.17);	INSERT INTO RATIOVALUES (company_id, time_id, report_period, ratio_id, ratio_value) VALUES (100295,5,201503,4,5.62);	INSERT INTO RATIOVALUES (company_id, time_id, report_period, ratio_id, ratio_value) VALUES (100295,5,201503,5,16.39);	INSERT INTO RATIOVALUES (company_id, time_id, report_period, ratio_id, ratio_value) VALUES (100295,5,201503,6,14.19);
INSERT INTO RATIOVALUES (company_id, time_id, report_period, ratio_id, ratio_value) VALUES (100312,5,201503,1,1.57);	INSERT INTO RATIOVALUES (company_id, time_id, report_period, ratio_id, ratio_value) VALUES (100312,5,201503,2,1.26);	INSERT INTO RATIOVALUES (company_id, time_id, report_period, ratio_id, ratio_value) VALUES (100312,5,201503,3,14.03);	INSERT INTO RATIOVALUES (company_id, time_id, report_period, ratio_id, ratio_value) VALUES (100312,5,201503,4,21.34);	INSERT INTO RATIOVALUES (company_id, time_id, report_period, ratio_id, ratio_value) VALUES (100312,5,201503,5,31.96);	INSERT INTO RATIOVALUES (company_id, time_id, report_period, ratio_id, ratio_value) VALUES (100312,5,201503,6,12.15);
INSERT INTO RATIOVALUES (company_id, time_id, report_period, ratio_id, ratio_value) VALUES (100440,5,201503,1,1.75);	INSERT INTO RATIOVALUES (company_id, time_id, report_period, ratio_id, ratio_value) VALUES (100440,5,201503,2,1.08);	INSERT INTO RATIOVALUES (company_id, time_id, report_period, ratio_id, ratio_value) VALUES (100440,5,201503,3,4.16);	INSERT INTO RATIOVALUES (company_id, time_id, report_period, ratio_id, ratio_value) VALUES (100440,5,201503,4,2.51);	INSERT INTO RATIOVALUES (company_id, time_id, report_period, ratio_id, ratio_value) VALUES (100440,5,201503,5,7.84);	INSERT INTO RATIOVALUES (company_id, time_id, report_period, ratio_id, ratio_value) VALUES (100440,5,201503,6,18.06);
INSERT INTO RATIOVALUES (company_id, time_id, report_period, ratio_id, ratio_value) VALUES (100470,5,201503,1,0.71);	INSERT INTO RATIOVALUES (company_id, time_id, report_period, ratio_id, ratio_value) VALUES (100470,5,201503,2,0.23);	INSERT INTO RATIOVALUES (company_id, time_id, report_period, ratio_id, ratio_value) VALUES (100470,5,201503,3,6.63);	INSERT INTO RATIOVALUES (company_id, time_id, report_period, ratio_id, ratio_value) VALUES (100470,5,201503,4,13.82);	INSERT INTO RATIOVALUES (company_id, time_id, report_period, ratio_id, ratio_value) VALUES (100470,5,201503,5,22.51);	INSERT INTO RATIOVALUES (company_id, time_id, report_period, ratio_id, ratio_value) VALUES (100470,5,201503,6,3.32);
INSERT INTO RATIOVALUES (company_id, time_id, report_period, ratio_id, ratio_value) VALUES (100510,5,201503,1,1.41);	INSERT INTO RATIOVALUES (company_id, time_id, report_period, ratio_id, ratio_value) VALUES (100510,5,201503,2,1.36);	INSERT INTO RATIOVALUES (company_id, time_id, report_period, ratio_id, ratio_value) VALUES (100510,5,201503,3,27.47);	INSERT INTO RATIOVALUES (company_id, time_id, report_period, ratio_id, ratio_value) VALUES (100510,5,201503,4,8.78);	INSERT INTO RATIOVALUES (company_id, time_id, report_period, ratio_id, ratio_value) VALUES (100510,5,201503,5,14.39);	INSERT INTO RATIOVALUES (company_id, time_id, report_period, ratio_id, ratio_value) VALUES (100510,5,201503,6,25.32);
INSERT INTO RATIOVALUES (company_id, time_id, report_period, ratio_id, ratio_value) VALUES (100520,5,201503,1,1.13);	INSERT INTO RATIOVALUES (company_id, time_id, report_period, ratio_id, ratio_value) VALUES (100520,5,201503,2,0.86);	INSERT INTO RATIOVALUES (company_id, time_id, report_period, ratio_id, ratio_value) VALUES (100520,5,201503,3,15.7);	INSERT INTO RATIOVALUES (company_id, time_id, report_period, ratio_id, ratio_value) VALUES (100520,5,201503,4,8.07);	INSERT INTO RATIOVALUES (company_id, time_id, report_period, ratio_id, ratio_value) VALUES (100520,5,201503,5,10.66);	INSERT INTO RATIOVALUES (company_id, time_id, report_period, ratio_id, ratio_value) VALUES (100520,5,201503,6,22.22);
INSERT INTO RATIOVALUES (company_id, time_id, report_period, ratio_id, ratio_value) VALUES (100570,5,201503,1,0.42);	INSERT INTO RATIOVALUES (company_id, time_id, report_period, ratio_id, ratio_value) VALUES (100570,5,201503,2,0.19);	INSERT INTO RATIOVALUES (company_id, time_id, report_period, ratio_id, ratio_value) VALUES (100570,5,201503,3,9.12);	INSERT INTO RATIOVALUES (company_id, time_id, report_period, ratio_id, ratio_value) VALUES (100570,5,201503,4,-11.99);	INSERT INTO RATIOVALUES (company_id, time_id, report_period, ratio_id, ratio_value) VALUES (100570,5,201503,5,-5.98);	INSERT INTO RATIOVALUES (company_id, time_id, report_period, ratio_id, ratio_value) VALUES (100570,5,201503,6,-26.92);
INSERT INTO RATIOVALUES (company_id, time_id, report_period, ratio_id, ratio_value) VALUES (100696,5,201503,1,1.05);	INSERT INTO RATIOVALUES (company_id, time_id, report_period, ratio_id, ratio_value) VALUES (100696,5,201503,2,0.76);	INSERT INTO RATIOVALUES (company_id, time_id, report_period, ratio_id, ratio_value) VALUES (100696,5,201503,3,12.23);	INSERT INTO RATIOVALUES (company_id, time_id, report_period, ratio_id, ratio_value) VALUES (100696,5,201503,4,13.19);	INSERT INTO RATIOVALUES (company_id, time_id, report_period, ratio_id, ratio_value) VALUES (100696,5,201503,5,18.96);	INSERT INTO RATIOVALUES (company_id, time_id, report_period, ratio_id, ratio_value) VALUES (100696,5,201503,6,39.63);
INSERT INTO RATIOVALUES (company_id, time_id, report_period, ratio_id, ratio_value) VALUES (100875,5,201503,1,2.05);	INSERT INTO RATIOVALUES (company_id, time_id, report_period, ratio_id, ratio_value) VALUES (100875,5,201503,2,1.38);	INSERT INTO RATIOVALUES (company_id, time_id, report_period, ratio_id, ratio_value) VALUES (100875,5,201503,3,6.63);	INSERT INTO RATIOVALUES (company_id, time_id, report_period, ratio_id, ratio_value) VALUES (100875,5,201503,4,19.07);	INSERT INTO RATIOVALUES (company_id, time_id, report_period, ratio_id, ratio_value) VALUES (100875,5,201503,5,27.93);	INSERT INTO RATIOVALUES (company_id, time_id, report_period, ratio_id, ratio_value) VALUES (100875,5,201503,6,29.16);
INSERT INTO RATIOVALUES (company_id, time_id, report_period, ratio_id, ratio_value) VALUES (132155,5,201503,1,1.06);	INSERT INTO RATIOVALUES (company_id, time_id, report_period, ratio_id, ratio_value) VALUES (132155,5,201503,2,0.85);	INSERT INTO RATIOVALUES (company_id, time_id, report_period, ratio_id, ratio_value) VALUES (132155,5,201503,3,26.51);	INSERT INTO RATIOVALUES (company_id, time_id, report_period, ratio_id, ratio_value) VALUES (132155,5,201503,4,5.29);	INSERT INTO RATIOVALUES (company_id, time_id, report_period, ratio_id, ratio_value) VALUES (132155,5,201503,5,8.08);	INSERT INTO RATIOVALUES (company_id, time_id, report_period, ratio_id, ratio_value) VALUES (132155,5,201503,6,12.05);
INSERT INTO RATIOVALUES (company_id, time_id, report_period, ratio_id, ratio_value) VALUES (132454,5,201503,1,0.78);	INSERT INTO RATIOVALUES (company_id, time_id, report_period, ratio_id, ratio_value) VALUES (132454,5,201503,2,0.77);	INSERT INTO RATIOVALUES (company_id, time_id, report_period, ratio_id, ratio_value) VALUES (132454,5,201503,3,1111.04);	INSERT INTO RATIOVALUES (company_id, time_id, report_period, ratio_id, ratio_value) VALUES (132454,5,201503,4,23.79);	INSERT INTO RATIOVALUES (company_id, time_id, report_period, ratio_id, ratio_value) VALUES (132454,5,201503,5,30.75);	INSERT INTO RATIOVALUES (company_id, time_id, report_period, ratio_id, ratio_value) VALUES (132454,5,201503,6,10.27);
INSERT INTO RATIOVALUES (company_id, time_id, report_period, ratio_id, ratio_value) VALUES (132500,5,201503,1,0.96);	INSERT INTO RATIOVALUES (company_id, time_id, report_period, ratio_id, ratio_value) VALUES (132500,5,201503,2,0.82);	INSERT INTO RATIOVALUES (company_id, time_id, report_period, ratio_id, ratio_value) VALUES (132500,5,201503,3,25.52);	INSERT INTO RATIOVALUES (company_id, time_id, report_period, ratio_id, ratio_value) VALUES (132500,5,201503,4,6.73);	INSERT INTO RATIOVALUES (company_id, time_id, report_period, ratio_id, ratio_value) VALUES (132500,5,201503,5,9.2);	INSERT INTO RATIOVALUES (company_id, time_id, report_period, ratio_id, ratio_value) VALUES (132500,5,201503,6,36.8);
INSERT INTO RATIOVALUES (company_id, time_id, report_period, ratio_id, ratio_value) VALUES (219300,5,201503,1,3.34);	INSERT INTO RATIOVALUES (company_id, time_id, report_period, ratio_id, ratio_value) VALUES (219300,5,201503,2,3.32);	INSERT INTO RATIOVALUES (company_id, time_id, report_period, ratio_id, ratio_value) VALUES (219300,5,201503,3,9.99);	INSERT INTO RATIOVALUES (company_id, time_id, report_period, ratio_id, ratio_value) VALUES (219300,5,201503,4,2728.96);	INSERT INTO RATIOVALUES (company_id, time_id, report_period, ratio_id, ratio_value) VALUES (219300,5,201503,5,2833.45);	INSERT INTO RATIOVALUES (company_id, time_id, report_period, ratio_id, ratio_value) VALUES (219300,5,201503,6,16.12);
INSERT INTO RATIOVALUES (company_id, time_id, report_period, ratio_id, ratio_value) VALUES (124715,5,201503,1,1.4);	INSERT INTO RATIOVALUES (company_id, time_id, report_period, ratio_id, ratio_value) VALUES (124715,5,201503,2,1.15);	INSERT INTO RATIOVALUES (company_id, time_id, report_period, ratio_id, ratio_value) VALUES (124715,5,201503,3,3.28);	INSERT INTO RATIOVALUES (company_id, time_id, report_period, ratio_id, ratio_value) VALUES (124715,5,201503,4,-96.59);	INSERT INTO RATIOVALUES (company_id, time_id, report_period, ratio_id, ratio_value) VALUES (124715,5,201503,5,-95.03);	INSERT INTO RATIOVALUES (company_id, time_id, report_period, ratio_id, ratio_value) VALUES (124715,5,201503,6,-58.84);
INSERT INTO RATIOVALUES (company_id, time_id, report_period, ratio_id, ratio_value) VALUES (107685,5,201503,1,2.3);	INSERT INTO RATIOVALUES (company_id, time_id, report_period, ratio_id, ratio_value) VALUES (107685,5,201503,2,2.27);	INSERT INTO RATIOVALUES (company_id, time_id, report_period, ratio_id, ratio_value) VALUES (107685,5,201503,3,116.46);	INSERT INTO RATIOVALUES (company_id, time_id, report_period, ratio_id, ratio_value) VALUES (107685,5,201503,4,19.88);	INSERT INTO RATIOVALUES (company_id, time_id, report_period, ratio_id, ratio_value) VALUES (107685,5,201503,5,26.5);	INSERT INTO RATIOVALUES (company_id, time_id, report_period, ratio_id, ratio_value) VALUES (107685,5,201503,6,17.22);
INSERT INTO RATIOVALUES (company_id, time_id, report_period, ratio_id, ratio_value) VALUES (132540,5,201503,1,2.46);	INSERT INTO RATIOVALUES (company_id, time_id, report_period, ratio_id, ratio_value) VALUES (132540,5,201503,2,2.45);	INSERT INTO RATIOVALUES (company_id, time_id, report_period, ratio_id, ratio_value) VALUES (132540,5,201503,3,7037.6);	INSERT INTO RATIOVALUES (company_id, time_id, report_period, ratio_id, ratio_value) VALUES (132540,5,201503,4,26.17);	INSERT INTO RATIOVALUES (company_id, time_id, report_period, ratio_id, ratio_value) VALUES (132540,5,201503,5,33.47);	INSERT INTO RATIOVALUES (company_id, time_id, report_period, ratio_id, ratio_value) VALUES (132540,5,201503,6,25.49);

